<?xml version='1.0' encoding='utf-8'?>
<metadata xmlns="http://www.esri.com/metadata/" xmlns:esri="http://www.esri.com/metadata/" xmlns:gml="http://www.opengis.net/gml" xmlns:xlink="http://www.w3.org/1999/xlink" xmlns:xsi="http://www.w3.org/2001/XMLSchema-instance" xsi:schemaLocation="http://www.esri.com/metadata/ http://www.esri.com/metadata/esriprof80.xsd">
  <dataIdInfo>
    <idCitation>
      <resTitle>Unknown Species</resTitle>
    </idCitation>
    <idAbs>VMRC raster dataset: HSL2.5_DF_50_D_l.tif</idAbs>
    <idPurp>VMRC (Vegetation Mortality Risk Calculator) Export Dataset

Species: Unknown Species

This dataset was clipped to a user-defined Area of Interest (AOI) for analysis and visualization.</idPurp>
    <searchKeys>
      <keyword>VMRC, Unknown_Species</keyword>
    </searchKeys>
    <idCredit>VMRC Project, University of Idaho</idCredit>
    <resConst>
      <Consts>
        <useLimit>For research and visualization purposes only.</useLimit>
      </Consts>
    </resConst>
  </dataIdInfo>
</metadata>